Orijinal Kelime,Kök,Lemma
yapay,yapay,yapay
zekâ,zeka,zekâ
son,son,son
yıllarda,yıl,yıl
teknolojinin,teknoloji,teknoloji
en,en,en
hızlı,hızlı,hızlı
gelişen,geliş,gelişmek
alanlarından,alan,alan
biri,biri,biri
haline,hal,hal
gelmiştir,gel,gelmek
günümüzde,gün,gün
yapay,yapay,yapay
zekâ,zeka,zekâ
uygulamaları,uygula,uygulamak
yalnızca,yalnızca,yalnızca
teknoloji,teknoloji,teknoloji
şirketlerinde,şirket,şirket
değil,değil,değil
eğitimden,eğitim,eğitim
sağlığa,sağlığ,sağlık
finanstan,finans,finans
ulaşıma,ulaş,Ulaş
kadar,kadar,kadar
birçok,birçok,birçok
farklı,fark,fark
sektörde,sektör,sektör
kullanılmaktadır,kullan,kullanmak
insanların,insan,insan
günlük,günlük,günlük
yaşamlarında,yaşam,yaşam
gerçekleştirdiği,gerçek,gerçek
pek,pek,pek
işlem,işlem,işlem
farkında,fark,fark
olmadan,ol,olmak
yapay,yapay,yapay
zekâ,zeka,zekâ
sistemleri,sistem,sistem
tarafından,tarafından,tarafından
desteklenmektedir,destekle,desteklemek
örneğin,örneğin,örneğin
akıllı,akıl,akıl
telefonlarda,telefon,telefon
kullanılan,kullan,kullanmak
sesli,sesli,sesli
asistanlar,asistan,asistan
internet,internet,İnternet
üzerindeki,üzer,Üzer
öneri,öner,Öner
sistemleri,sistem,sistem
çevrim,çevri,çevri
içi,iç,iç
alışveriş,alışveriş,alışveriş
platformlarının,platform,platform
sunduğu,sun,sunmak
kişiselleştirilmiş,kişisel,kişisel
ürünler,ürün,ürün
yapay,yapay,yapay
zekânın,zeka,zekâ
günlük,günlük,günlük
yaşamdaki,yaşam,yaşam
kullanım,kullanım,kullanım
alanlarından,alan,alan
bazılarıdıryapay,bazılarıdıryapay,bazılarıdıryapay
zekânın,zeka,zekâ
önemli,önem,önem
kullanım,kullanım,kullanım
alanlarından,alan,alan
biri,biri,biri
eğitim,eğitim,eğitim
sektörüdür,sektör,sektör
öğrencilerin,öğrenci,öğrenci
öğrenme,öğren,öğrenmek
süreçlerini,süreç,süreç
analiz,analiz,analiz
eden,ed,etmek
sistemler,sistem,sistem
öğrencilerin,öğrenci,öğrenci
ihtiyaçlarına,ihtiyaç,ihtiyaç
göre,göre,göre
farklı,fark,fark
içerikler,içerik,içerik
önerebilmektedir,öner,önermek
öğretmenler,öğretmen,öğretmen
ise,ise,ise
öğrencilerin,öğrenci,öğrenci
başarı,başar,Başar
durumlarını,durum,durum
inceleyerek,incele,incelemek
hangi,hangi,hangi
konularda,konu,konu
fazla,fazla,fazla
desteğe,desteğ,destek
ihtiyaç,ihtiyaç,ihtiyaç
duyduklarını,duy,duymak
belirleyebilmektedir,belirle,belirlemek
özellikle,özellikle,özellikle
çevrim,çevri,çevri
içi,iç,iç
eğitim,eğitim,eğitim
platformlarında,platform,platform
kullanılan,kullan,kullanmak
akıllı,akıl,akıl
sistemler,sistem,sistem
öğrencilerin,öğrenci,öğrenci
ders,ders,ders
çalışma,çalış,çalışmak
alışkanlıklarını,alışkan,alışkan
analiz,analiz,analiz
ederek,ed,etmek
kişiselleştirilmiş,kişisel,kişisel
öğrenme,öğren,öğrenmek
deneyimleri,deneyim,deneyim
oluşturabilmektedir,oluş,oluşmak
durum,durum,durum
eğitim,eğitim,eğitim
sürecinin,sürec,süreç
verimli,verim,verim
öğrenci,öğrenci,öğrenci
merkezli,merkez,merkez
olmasına,ol,olmak
katkı,katkı,katkı
sağlamaktadırsağlık,sağlamaktadırsağlık,sağlamaktadırsağlık
sektöründe,sektör,sektör
yapay,yapay,yapay
zekâ,zeka,zekâ
teknolojilerinden,teknoloji,teknoloji
yararlanılmaktadır,yararlan,yararlanmak
hastanelerde,hastane,hastane
toplanan,top,top
büyük,büyük,büyük
miktardaki,miktar,miktar
veriler,veri,veri
analiz,analiz,analiz
edilerek,ed,etmek
hastalıkların,hastalık,hastalık
erken,erken,erken
dönemde,döne,Döne
tespit,tespit,tespit
edilmesine,ed,etmek
yardımcı,yardımcı,yardımcı
olunabilmektedir,ol,olmak
tıbbi,tıbbi,tıbbî
görüntülerin,görüntü,görüntü
incelenmesi,ince,ince
hasta,hasta,hasta
kayıtlarının,kayıt,kayıt
değerlendirilmesi,değerlendir,değerlendirmek
riskli,risk,risk
durumların,durum,durum
belirlenmesi,belirle,belirlemek
işlemlerde,işlem,işlem
yapay,yapay,yapay
zekâ,zeka,zekâ
destekli,destek,destek
uygulamalar,uygula,uygulamak
kullanılmaktadır,kullan,kullanmak
ancak,ancak,ancak
sağlık,sağlık,sağlık
alanında,alan,alan
kullanılan,kullan,kullanmak
sistemlerin,sistem,sistem
güvenilir,güvenilir,güvenilir
olması,ol,olmak
kişisel,kişisel,kişisel
verilerin,veri,veri
korunması,koru,korumak
büyük,büyük,büyük
önem,önem,önem
taşımaktadırişletmeler,taşımaktadırişletmeler,taşımaktadırişletmeler
açısından,açı,açı
bakıldığında,bak,bakmak
yapay,yapay,yapay
zekâ,zeka,zekâ
karar,kar,karmak
verme,ver,vermek
süreçlerini,süreç,süreç
destekleyen,destekle,desteklemek
önemli,önem,önem
araçtır,araç,Araç
şirketler,şirket,şirket
müşterilerinin,müşteri,müşteri
satın,sat,satmak
alma,al,almak
davranışlarını,davranış,davranış
inceleyerek,incele,incelemek
gelecekteki,gelecek,gelecek
talepleri,talep,talep
tahmin,tahmin,tahmin
etmeye,et,etmek
çalışmaktadır,çalış,çalışmak
müşteri,müşteri,müşteri
kaybı,kayb,kayıp
satış,satış,satış
miktarı,miktar,miktar
ürün,ürün,ürün
tercihleri,tercih,tercih
müşteri,müşteri,müşteri
memnuniyeti,memnuniyet,memnuniyet
konularda,konu,konu
yapılan,yapılan,yapılanmak
veri,veri,veri
analizleri,analiz,analiz
işletmelerin,işletme,işletme
doğru,doğru,doğru
kararlar,kar,karmak
almasına,al,almak
yardımcı,yardımcı,yardımcı
olabilir,ol,olmak
bunun,bu,bu
yanında,yanında,yanında
sohbet,sohbet,sohbet
robotları,robot,robot
müşterilerin,müşteri,müşteri
sorularını,soru,soru
hızlı,hızlı,hızlı
şekilde,şekil,şekil
yanıtlayarak,yanıtla,yanıtlamak
müşteri,müşteri,müşteri
hizmetlerinin,hizmet,hizmet
etkin,etkin,etkin
yürütülmesini,yürüt,yürütmek
sağlayabilirbununla,sağlayabilirbununla,sağlayabilirbununla
birlikte,birlikte,birlikte
yapay,yapay,yapay
zekânın,zeka,zekâ
yaygınlaşması,yaygın,yaygın
bazı,bazı,bazı
önemli,önem,önem
sorunları,sorun,sorun
beraberinde,beraberinde,beraberinde
getirmektedir,getir,getirmek
kişisel,kişisel,kişisel
verilerin,veri,veri
güvenliği,güvenliğ,güvenlik
algoritmik,algoritmik,algoritmik
önyargılar,önyargı,önyargı
yanlış,yanlış,yanlış
bilgi,bilgi,bilgi
üretimi,üretim,üretim
bazı,bazı,bazı
mesleklerin,meslek,meslek
dönüşümü,dönüşüm,dönüşüm
toplumda,toplum,toplum
tartışılan,tartış,tartışmak
konular,konu,konu
arasında,ara,ara
yer,ye,yemek
almaktadır,al,almak
nedenle,neden,neden
yapay,yapay,yapay
zekâ,zeka,zekâ
sistemlerinin,sistem,sistem
geliştirilmesinde,geliştir,geliştirmek
yalnızca,yalnızca,yalnızca
teknik,teknik,teknik
başarıya,başarı,başarı
değil,değil,değil
etik,etik,etik
hukuki,hukuki,hukukî
sorumluluklara,sorumluluk,sorumluluk
dikkat,dikkat,dikkat
edilmelidirgelecekte,edilmelidirgelecekte,edilmelidirgelecekte
yapay,yapay,yapay
zekânın,zeka,zekâ
insanların,insan,insan
yaşamında,yaşam,yaşam
fazla,fazla,fazla
yer,ye,yemek
alacağı,al,almak
düşünülmektedir,düşün,düşünmek
yeni,yeni,yeni
teknolojilerin,teknoloji,teknoloji
geliştirilmesiyle,geliştir,geliştirmek
birlikte,birlikte,birlikte
insanlar,insan,insan
yapay,yapay,yapay
zekâ,zeka,zekâ
sistemleri,sistem,sistem
arasındaki,ara,ara
etkileşim,etkileşim,etkileşim
değişecektir,değiş,değişmek
süreçte,süreç,süreç
bireylerin,birey,birey
dijital,dijital,dijital
okuryazarlık,okuryazar,okuryazar
becerilerini,beceri,beceri
geliştirmesi,geliştir,geliştirmek
teknolojinin,teknoloji,teknoloji
sunduğu,sun,sunmak
fırsatları,fırsat,fırsat
doğru,doğru,doğru
değerlendirmesi,değerlendir,değerlendirmek
olası,olası,olası
risklerin,risk,risk
farkında,fark,fark
olması,ol,olmak
önemlidir,önem,önem
yapay,yapay,yapay
zekânın,zeka,zekâ
insan,insan,insan
hayatını,hayat,hayat
kolaylaştıran,kolay,kolay
araç,araç,Araç
olarak,ol,olmak
kullanılabilmesi,kullan,kullanmak
teknoloji,teknoloji,teknoloji
insan,insan,insan
toplum,toplum,toplum
arasındaki,ara,ara
dengenin,denge,denge
korunması,koru,korumak
gerekmektedir,gerek,gerekmek
